set_num,source,source_url,source_label
9398-1,bricklink,https://www.bricklink.com/catalogRelList.asp?relID=25,Sets Redesigned During Production
60085-1,bricklink,https://www.bricklink.com/catalogRelList.asp?relID=25,Sets Redesigned During Production
7317-1,bricklink,https://www.bricklink.com/catalogRelList.asp?relID=25,Sets Redesigned During Production
6399-1,bricklink,https://www.bricklink.com/catalogRelList.asp?relID=25,Sets Redesigned During Production
6775-1,bricklink,https://www.bricklink.com/catalogRelList.asp?relID=25,Sets Redesigned During Production
76039-1,bricklink,https://www.bricklink.com/catalogRelList.asp?relID=25,Sets Redesigned During Production
7259-1,bricklink,https://www.bricklink.com/catalogRelList.asp?relID=25,Sets Redesigned During Production
75072-1,bricklink,https://www.bricklink.com/catalogRelList.asp?relID=25,Sets Redesigned During Production
4482-1,bricklink,https://www.bricklink.com/catalogRelList.asp?relID=25,Sets Redesigned During Production
853-1,bricklink,https://www.bricklink.com/catalogRelList.asp?relID=25,Sets Redesigned During Production
7971-1,bricklink,https://www.bricklink.com/catalogRelList.asp?relID=25,Sets Redesigned During Production
4785-1,bricklink,https://www.bricklink.com/catalogRelList.asp?relID=25,Sets Redesigned During Production
42026-1,bricklink,https://www.bricklink.com/catalogRelList.asp?relID=25,Sets Redesigned During Production
6285-1,bricklink,https://www.bricklink.com/catalogRelList.asp?relID=25,Sets Redesigned During Production
8778-1,bricklink,https://www.bricklink.com/catalogRelList.asp?relID=25,Sets Redesigned During Production
8114-1,bricklink,https://www.bricklink.com/catalogRelList.asp?relID=25,Sets Redesigned During Production
3409-1,bricklink,https://www.bricklink.com/catalogRelList.asp?relID=25,Sets Redesigned During Production
8780-1,bricklink,https://www.bricklink.com/catalogRelList.asp?relID=25,Sets Redesigned During Production
7592-1,bricklink,https://www.bricklink.com/catalogRelList.asp?relID=25,Sets Redesigned During Production
42023-1,bricklink,https://www.bricklink.com/catalogRelList.asp?relID=25,Sets Redesigned During Production
8017-1,bricklink,https://www.bricklink.com/catalogRelList.asp?relID=25,Sets Redesigned During Production
42027-1,bricklink,https://www.bricklink.com/catalogRelList.asp?relID=25,Sets Redesigned During Production
8002-1,bricklink,https://www.bricklink.com/catalogRelList.asp?relID=25,Sets Redesigned During Production
7248-1,bricklink,https://www.bricklink.com/catalogRelList.asp?relID=25,Sets Redesigned During Production
7902-1,bricklink,https://www.bricklink.com/catalogRelList.asp?relID=25,Sets Redesigned During Production
8847-1,bricklink,https://www.bricklink.com/catalogRelList.asp?relID=25,Sets Redesigned During Production
10194-1,bricklink,https://www.bricklink.com/catalogRelList.asp?relID=25,Sets Redesigned During Production
75090-1,bricklink,https://www.bricklink.com/catalogRelList.asp?relID=25,Sets Redesigned During Production
6484-1,bricklink,https://www.bricklink.com/catalogRelList.asp?relID=25,Sets Redesigned During Production
75882-1,bricklink,https://www.bricklink.com/catalogRelList.asp?relID=25,Sets Redesigned During Production
60003-1,bricklink,https://www.bricklink.com/catalogRelList.asp?relID=25,Sets Redesigned During Production
7944-1,bricklink,https://www.bricklink.com/catalogRelList.asp?relID=25,Sets Redesigned During Production
60004-1,bricklink,https://www.bricklink.com/catalogRelList.asp?relID=25,Sets Redesigned During Production
60002-1,bricklink,https://www.bricklink.com/catalogRelList.asp?relID=25,Sets Redesigned During Production
75101-1,bricklink,https://www.bricklink.com/catalogRelList.asp?relID=25,Sets Redesigned During Production
6531-1,bricklink,https://www.bricklink.com/catalogRelList.asp?relID=25,Sets Redesigned During Production
850-1,bricklink,https://www.bricklink.com/catalogRelList.asp?relID=25,Sets Redesigned During Production
4432-1,bricklink,https://www.bricklink.com/catalogRelList.asp?relID=25,Sets Redesigned During Production
360-1,bricklink,https://www.bricklink.com/catalogRelList.asp?relID=25,Sets Redesigned During Production
394-1,bricklink,https://www.bricklink.com/catalogRelList.asp?relID=25,Sets Redesigned During Production
852-1,bricklink,https://www.bricklink.com/catalogRelList.asp?relID=25,Sets Redesigned During Production
7970-1,bricklink,https://www.bricklink.com/catalogRelList.asp?relID=25,Sets Redesigned During Production
8016-1,bricklink,https://www.bricklink.com/catalogRelList.asp?relID=25,Sets Redesigned During Production
6211-1,bricklink,https://www.bricklink.com/catalogRelList.asp?relID=25,Sets Redesigned During Production
6335-1,bricklink,https://www.bricklink.com/catalogRelList.asp?relID=25,Sets Redesigned During Production
7153-1,bricklink,https://www.bricklink.com/catalogRelList.asp?relID=25,Sets Redesigned During Production
6081-1,bricklink,https://www.bricklink.com/catalogRelList.asp?relID=25,Sets Redesigned During Production
70005-1,bricklink,https://www.bricklink.com/catalogRelList.asp?relID=25,Sets Redesigned During Production
4563-1,bricklink,https://www.bricklink.com/catalogRelList.asp?relID=25,Sets Redesigned During Production
6987-1,bricklink,https://www.bricklink.com/catalogRelList.asp?relID=25,Sets Redesigned During Production
6394-1,bricklink,https://www.bricklink.com/catalogRelList.asp?relID=25,Sets Redesigned During Production
670-1,bricklink,https://www.bricklink.com/catalogRelList.asp?relID=25,Sets Redesigned During Production
855-1,bricklink,https://www.bricklink.com/catalogRelList.asp?relID=25,Sets Redesigned During Production
7706-1,bricklink,https://www.bricklink.com/catalogRelList.asp?relID=25,Sets Redesigned During Production
8043-1,bricklink,https://www.bricklink.com/catalogRelList.asp?relID=25,Sets Redesigned During Production
113-2,bricklink,https://www.bricklink.com/catalogRelList.asp?relID=25,Sets Redesigned During Production
8649-1,bricklink,https://www.bricklink.com/catalogRelList.asp?relID=25,Sets Redesigned During Production
41194-1,bricklink,https://www.bricklink.com/catalogRelList.asp?relID=25,Sets Redesigned During Production
393-1,bricklink,https://www.bricklink.com/catalogRelList.asp?relID=25,Sets Redesigned During Production
7942-1,bricklink,https://www.bricklink.com/catalogRelList.asp?relID=25,Sets Redesigned During Production
4588-1,bricklink,https://www.bricklink.com/catalogRelList.asp?relID=25,Sets Redesigned During Production
6923-1,bricklink,https://www.bricklink.com/catalogRelList.asp?relID=25,Sets Redesigned During Production
30461-1,bricklink,https://www.bricklink.com/catalogRelList.asp?relID=25,Sets Redesigned During Production
6386-1,bricklink,https://www.bricklink.com/catalogRelList.asp?relID=25,Sets Redesigned During Production
4441-1,bricklink,https://www.bricklink.com/catalogRelList.asp?relID=25,Sets Redesigned During Production
354-1,bricklink,https://www.bricklink.com/catalogRelList.asp?relID=25,Sets Redesigned During Production
6362-1,bricklink,https://www.bricklink.com/catalogRelList.asp?relID=25,Sets Redesigned During Production
7245-1,bricklink,https://www.bricklink.com/catalogRelList.asp?relID=25,Sets Redesigned During Production
8858-1,bricklink,https://www.bricklink.com/catalogRelList.asp?relID=25,Sets Redesigned During Production
7313-1,bricklink,https://www.bricklink.com/catalogRelList.asp?relID=25,Sets Redesigned During Production
4546-1,bricklink,https://www.bricklink.com/catalogRelList.asp?relID=25,Sets Redesigned During Production
4756-1,bricklink,https://www.bricklink.com/catalogRelList.asp?relID=25,Sets Redesigned During Production
8097-1,bricklink,https://www.bricklink.com/catalogRelList.asp?relID=25,Sets Redesigned During Production
8420-1,bricklink,https://www.bricklink.com/catalogRelList.asp?relID=25,Sets Redesigned During Production
7707-1,bricklink,https://www.bricklink.com/catalogRelList.asp?relID=25,Sets Redesigned During Production
4477-1,bricklink,https://www.bricklink.com/catalogRelList.asp?relID=25,Sets Redesigned During Production
21117-1,bricklink,https://www.bricklink.com/catalogRelList.asp?relID=25,Sets Redesigned During Production
21006-1,bricklink,https://www.bricklink.com/catalogRelList.asp?relID=25,Sets Redesigned During Production
8811-1,bricklink,https://www.bricklink.com/catalogRelList.asp?relID=25,Sets Redesigned During Production
10214-1,bricklink,https://www.bricklink.com/catalogRelList.asp?relID=25,Sets Redesigned During Production
851-1,bricklink,https://www.bricklink.com/catalogRelList.asp?relID=25,Sets Redesigned During Production
8859-1,bricklink,https://www.bricklink.com/catalogRelList.asp?relID=25,Sets Redesigned During Production
7184-1,bricklink,https://www.bricklink.com/catalogRelList.asp?relID=25,Sets Redesigned During Production
60050-1,bricklink,https://www.bricklink.com/catalogRelList.asp?relID=25,Sets Redesigned During Production
7864-1,bricklink,https://www.bricklink.com/catalogRelList.asp?relID=25,Sets Redesigned During Production
6851-1,bricklink,https://www.bricklink.com/catalogRelList.asp?relID=25,Sets Redesigned During Production
5885-1,bricklink,https://www.bricklink.com/catalogRelList.asp?relID=25,Sets Redesigned During Production
31070-1,bricklink,https://www.bricklink.com/catalogRelList.asp?relID=25,Sets Redesigned During Production
7016-1,bricklink,https://www.bricklink.com/catalogRelList.asp?relID=25,Sets Redesigned During Production
7019-1,bricklink,https://www.bricklink.com/catalogRelList.asp?relID=25,Sets Redesigned During Production
10220-1,bricklink,https://www.bricklink.com/catalogRelList.asp?relID=25,Sets Redesigned During Production
21303-1,bricklink,https://www.bricklink.com/catalogRelList.asp?relID=25,Sets Redesigned During Production
8856-1,bricklink,https://www.bricklink.com/catalogRelList.asp?relID=25,Sets Redesigned During Production
10235-1,bricklink,https://www.bricklink.com/catalogRelList.asp?relID=25,Sets Redesigned During Production
6866-1,bricklink,https://www.bricklink.com/catalogRelList.asp?relID=25,Sets Redesigned During Production
7258-1,bricklink,https://www.bricklink.com/catalogRelList.asp?relID=25,Sets Redesigned During Production
8898-1,bricklink,https://www.bricklink.com/catalogRelList.asp?relID=25,Sets Redesigned During Production
75235-1,bricklink,https://www.bricklink.com/catalogRelList.asp?relID=25,Sets Redesigned During Production
7249-1,bricklink,https://www.bricklink.com/catalogRelList.asp?relID=25,Sets Redesigned During Production
8759-1,bricklink,https://www.bricklink.com/catalogRelList.asp?relID=25,Sets Redesigned During Production
8758-1,bricklink,https://www.bricklink.com/catalogRelList.asp?relID=25,Sets Redesigned During Production
8757-1,bricklink,https://www.bricklink.com/catalogRelList.asp?relID=25,Sets Redesigned During Production
8769-1,bricklink,https://www.bricklink.com/catalogRelList.asp?relID=25,Sets Redesigned During Production
75257-1,bricklink,https://www.bricklink.com/catalogRelList.asp?relID=25,Sets Redesigned During Production
75053-1,bricklink,https://www.bricklink.com/catalogRelList.asp?relID=25,Sets Redesigned During Production
40292-1,bricklink,https://www.bricklink.com/catalogRelList.asp?relID=25,Sets Redesigned During Production
HARLEY-1,bricklink,https://www.bricklink.com/catalogRelList.asp?relID=25,Sets Redesigned During Production
10273-1,bricklink,https://www.bricklink.com/catalogRelList.asp?relID=25,Sets Redesigned During Production
3422-1,bricklink,https://www.bricklink.com/catalogRelList.asp?relID=25,Sets Redesigned During Production
7261-1,bricklink,https://www.bricklink.com/catalogRelList.asp?relID=25,Sets Redesigned During Production
4888-1,bricklink,https://www.bricklink.com/catalogRelList.asp?relID=25,Sets Redesigned During Production
42112-1,bricklink,https://www.bricklink.com/catalogRelList.asp?relID=25,Sets Redesigned During Production
7968-1,bricklink,https://www.bricklink.com/catalogRelList.asp?relID=25,Sets Redesigned During Production
8082-1,bricklink,https://www.bricklink.com/catalogRelList.asp?relID=25,Sets Redesigned During Production
4768-1,bricklink,https://www.bricklink.com/catalogRelList.asp?relID=25,Sets Redesigned During Production
6210-1,bricklink,https://www.bricklink.com/catalogRelList.asp?relID=25,Sets Redesigned During Production
8874-1,bricklink,https://www.bricklink.com/catalogRelList.asp?relID=25,Sets Redesigned During Production
76139-1,bricklink,https://www.bricklink.com/catalogRelList.asp?relID=25,Sets Redesigned During Production
775-1,bricklink,https://www.bricklink.com/catalogRelList.asp?relID=25,Sets Redesigned During Production
316-1,bricklink,https://www.bricklink.com/catalogRelList.asp?relID=25,Sets Redesigned During Production
3683-1,bricklink,https://www.bricklink.com/catalogRelList.asp?relID=25,Sets Redesigned During Production
8539-1,bricklink,https://www.bricklink.com/catalogRelList.asp?relID=25,Sets Redesigned During Production
7894-1,bricklink,https://www.bricklink.com/catalogRelList.asp?relID=25,Sets Redesigned During Production
8829-1,bricklink,https://www.bricklink.com/catalogRelList.asp?relID=25,Sets Redesigned During Production
10272-1,bricklink,https://www.bricklink.com/catalogRelList.asp?relID=25,Sets Redesigned During Production
10281-1,bricklink,https://www.bricklink.com/catalogRelList.asp?relID=25,Sets Redesigned During Production
42068-1,bricklink,https://www.bricklink.com/catalogRelList.asp?relID=25,Sets Redesigned During Production
60010-2,bricklink,https://www.bricklink.com/catalogRelList.asp?relID=25,Sets Redesigned During Production
60010-3,bricklink,https://www.bricklink.com/catalogRelList.asp?relID=25,Sets Redesigned During Production
116-1,bricklink,https://www.bricklink.com/catalogRelList.asp?relID=25,Sets Redesigned During Production
119-1,bricklink,https://www.bricklink.com/catalogRelList.asp?relID=25,Sets Redesigned During Production
126-1,bricklink,https://www.bricklink.com/catalogRelList.asp?relID=25,Sets Redesigned During Production
7745-1,bricklink,https://www.bricklink.com/catalogRelList.asp?relID=25,Sets Redesigned During Production
7660-1,bricklink,https://www.bricklink.com/catalogRelList.asp?relID=25,Sets Redesigned During Production
75192-1,bricklink,https://www.bricklink.com/catalogRelList.asp?relID=25,Sets Redesigned During Production
8654-1,bricklink,https://www.bricklink.com/catalogRelList.asp?relID=25,Sets Redesigned During Production
31058-1,bricklink,https://www.bricklink.com/catalogRelList.asp?relID=25,Sets Redesigned During Production
10298-1,bricklink,https://www.bricklink.com/catalogRelList.asp?relID=25,Sets Redesigned During Production
7344-1,bricklink,https://www.bricklink.com/catalogRelList.asp?relID=25,Sets Redesigned During Production
75355-1,bricklink,https://www.bricklink.com/catalogRelList.asp?relID=25,Sets Redesigned During Production
254-1,bricklink,https://www.bricklink.com/catalogRelList.asp?relID=25,Sets Redesigned During Production
60349-1,bricklink,https://www.bricklink.com/catalogRelList.asp?relID=25,Sets Redesigned During Production
40725-1,bricklink,https://www.bricklink.com/catalogRelList.asp?relID=25,Sets Redesigned During Production
10552-1,bricklink,https://www.bricklink.com/catalogRelList.asp?relID=25,Sets Redesigned During Production
71741-1,bricklink,https://www.bricklink.com/catalogRelList.asp?relID=25,Sets Redesigned During Production
42129-1,bricklink,https://www.bricklink.com/catalogRelList.asp?relID=25,Sets Redesigned During Production
4551-1,bricklink,https://www.bricklink.com/catalogRelList.asp?relID=25,Sets Redesigned During Production
42171-1,bricklink,https://www.bricklink.com/catalogRelList.asp?relID=25,Sets Redesigned During Production
75402-1,bricklink,https://www.bricklink.com/catalogRelList.asp?relID=25,Sets Redesigned During Production
75581-1,bricklink,https://www.bricklink.com/catalogRelList.asp?relID=25,Sets Redesigned During Production
42125-1,bricklink,https://www.bricklink.com/catalogRelList.asp?relID=25,Sets Redesigned During Production
8880-1,bricklink,https://www.bricklink.com/catalogRelList.asp?relID=25,Sets Redesigned During Production
3274-1,bricklink,https://www.bricklink.com/catalogRelList.asp?relID=25,Sets Redesigned During Production
8672-1,bricklink,https://www.bricklink.com/catalogRelList.asp?relID=25,Sets Redesigned During Production
955-1,bricklink,https://www.bricklink.com/catalogRelList.asp?relID=25,Sets Redesigned During Production
8111-1,bricklink,https://www.bricklink.com/catalogRelList.asp?relID=25,Sets Redesigned During Production
8843-1,bricklink,https://www.bricklink.com/catalogRelList.asp?relID=25,Sets Redesigned During Production
21350-1,bricklink,https://www.bricklink.com/catalogRelList.asp?relID=25,Sets Redesigned During Production
8266-1,bricklink,https://www.bricklink.com/catalogRelList.asp?relID=25,Sets Redesigned During Production
4884-1,bricklink,https://www.bricklink.com/catalogRelList.asp?relID=25,Sets Redesigned During Production
